ID,FirstName,LastName,Email,Password,Role
33,mentor,mentor,mentor@gmail.com,What_123,mentor
34,Mentor,Mentor,Mentor@gmail.org,What_123,mentor
35,MentoR,MentoR,MentoR01@gmail.com,What_123,mentor	
36,FirstNameMent,LastNameMent,name_ment@gmail.com,What_123,mentor	
37,JohnMent,DoeMent,name.ment@gmail.com,What_123,mentor	
38,NataliaMent,NataliaMent,namement@mentgmail.com,What_123,mentor	
39,ment,ment,nameMent@gmail.com,What_123,mentor	
40,Ment,Ment,namement01@gmail.com,What_123,mentor	
41,MeurigMent,MeurigMento,alexiscahn40@what_WH.at,What_123,mentor	
42,FredTar,RetFred,sydneeabby12@what_WH.at,What_123,mentor	
43,Ina,Castell,katherinewaggett62@what_WH.at,What_123,mentor	
44,Orvar,Coello,ryantaylor96@what_WH.at,What_123,mentor	
45,Francesco,Pio,garyealy52@what_WH.at,What_123,mentor	
46,Nikola,Rantent,andrewyob57@whatWH.at,What_123,mentor	
47,Mmmentor,Mmmentor,meNTor02@gmail.com,What_123,mentor	
48,Mentorrr,Mentorrr,Mentor33@example.com,What_123,mentor	
49,Domitian,Fenn,andrewyob57@what_WH.at,What_123,mentor	
50,MARA,Klimek,ericserban81@what_WH.at,What_123,mentor	