ID,FirstName,LastName,Email,Password,Role
2,secretary,secretary,secretary@gmail.com,What_123,secretar
3,Secretary,Secretary,Secretary@gmail.org,What_123,secretar
4,SecretarY,SecretarY,SecretarY01@gmail.com,What_123,secretar	
5,FirstNameSecr,LastNameSecr,name_secr@gmail.com,What_123,secretar	
6,JohnSecr,DoeSecr,name.secr@gmail.com,What_123,secretar	
7,NataliaSecr,NataliaSecr,namesecr@secrgmail.com,What_123,secretar	
8,Secr,Secr,nameSecr@gmail.com,What_123,secretar
9,Secr,Secr,namesecr01@gmail.com,What_123,secretar
10,MeurigSecr,MeurigSecret,meurig_01@gmail.ua,What_123,secretar
11,FredTar,RetFred,fred.retary@gmail.com,What_123,secretar
12,Ina,Castell,castellI09tary@secret.ar,What_123,secretar
13,Orvar,Coello,o_coello@secretar.com,What_123,secretar
14,Francesco,Pio,pio_pio@gmail.com,What_123,secretar
15,Nikola,Rantent,ni_ko.la@gmail.secr.com,What_123,secretar
16,sssecretary,Sssecretary,seCreTar@gmail.com,What_123,secretar
17,Secrettt,Secrettt,Secret33@example.com,What_123,secretar
18,Domitian,Fenn,dom0FENN_ary@ennn.com,What_123,secretar
19,MARA,Klimek,kLiMeK@MaRaEmail.com,What_123,secretar