ID,FirstName,LastName,Email,Password,Role
112,Student,Student,user+samanthamartin92@what_WH.at,What_123,unassigned	
113,Secretary,Secretary,u.ser+charlesscott18@what_WH.at,What_123,unassigned
114,Mentor,Mentor,u.s.er+tyresenagy53@what_WH.at,What_123,unassigned
115,FirstName,LastName,u.s.e.r+averyrobinson33@what_WH.at,What_123,unassigned
116,John,Doe,u.se.r+stevebabyak82@what_WH.at,What_123,unassigned
117,Natalia,Natalia,us.er+avakadel85@what_WH.at,What_123,unassigned
118,User,User,us.e.r+dixieohrt86@what_WH.at,What_123,unassigned
119,Geo,Geuser,use.r+georgeserban24@what_WH.at,What_123,unassigned
120,Meurig,Meurig,user@what_WH.at,What_123,unassigned
121,Fred,Fred,u.ser@what_WH.at,What_123,unassigned
122,Inna,Castello,u.s.er@what_WH.at,What_123,unassigned
123,Ovar,Collo,u.s.e.r@what_WH.at,What_123,unassigned
124,Franc,Pioter,u.se.r@what_WH.at,What_123,unassigned
125,Nila,Raent,us.er@what_WH.at,What_123,unassigned
126,uuuuseeerrrr,uuusseeer,us.e.r@what_WH.at,What_123,unassigned
127,useR,useR,use.r@what_WH.at,What_123,unassigned